patient_id,plate_barcode,well_barcode
patient_1,TCTCGCCT,CTCCCAAA
patient_2,TCTCGCCT,TCCATTCA
patient_3,TCTCGCCT,AAAGCTCG
patient_4,TCTCGCCT,GTTAACGG
patient_5,TCTCGCCT,TGCGTTAC
patient_6,AGGTCTCC,CTCCCAAA
patient_7,AGGTCTCC,TCCATTCA
patient_8,AGGTCTCC,AAAGCTCG
patient_9,AGGTCTCC,GTTAACGG
patient_10,AGGTCTCC,TGCGTTAC
patient_11,TCCGTCAA,CTCCCAAA
patient_12,TCCGTCAA,TCCATTCA
patient_13,TCCGTCAA,AAAGCTCG
patient_14,TCCGTCAA,GTTAACGG
patient_15,TCCGTCAA,TGCGTTAC
patient_16,AACTGAGC,CTCCCAAA
patient_17,AACTGAGC,TCCATTCA
patient_18,AACTGAGC,AAAGCTCG
patient_19,AACTGAGC,GTTAACGG
patient_20,AACTGAGC,TGCGTTAC
patient_21,GACTCGCA,CTCCCAAA
patient_22,GACTCGCA,TCCATTCA
patient_23,GACTCGCA,AAAGCTCG
patient_24,GACTCGCA,GTTAACGG
patient_25,GACTCGCA,TGCGTTAC
